datetime,actual_demand,xgboost_prediction
2023-10-21 09:00:00,24172.0,24047.068
2023-10-21 10:00:00,23338.0,23348.822
2023-10-21 11:00:00,22337.0,23033.98
2023-10-21 12:00:00,21667.0,21991.488
2023-10-21 13:00:00,21508.0,21608.469
2023-10-21 14:00:00,21622.0,21688.55
2023-10-21 15:00:00,22219.0,22170.252
2023-10-21 16:00:00,22625.0,22868.816
2023-10-21 17:00:00,23897.0,23385.738
2023-10-21 18:00:00,24255.0,24656.281
2023-10-21 19:00:00,23538.0,24537.043
2023-10-21 20:00:00,22750.0,23385.963
2023-10-21 21:00:00,22926.0,22902.738
2023-10-21 22:00:00,23102.0,23214.004
2023-10-21 23:00:00,23918.0,23612.275
2023-10-22 00:00:00,25578.0,25146.19
2023-10-22 01:00:00,27061.0,26600.986
2023-10-22 02:00:00,28145.0,27999.21
2023-10-22 03:00:00,28615.0,28294.945
2023-10-22 04:00:00,27989.0,28502.94
2023-10-22 05:00:00,27077.0,27618.898
2023-10-22 06:00:00,26125.0,26900.645
2023-10-22 07:00:00,24904.0,25417.004
2023-10-22 08:00:00,23560.0,23781.12
2023-10-22 09:00:00,22754.0,22836.988
2023-10-22 10:00:00,22046.0,22262.547
2023-10-22 11:00:00,21585.0,21323.94
2023-10-22 12:00:00,20911.0,21098.44
2023-10-22 13:00:00,20583.0,20694.398
2023-10-22 14:00:00,20566.0,20593.695
2023-10-22 15:00:00,20954.0,20758.926
2023-10-22 16:00:00,21140.0,20977.123
2023-10-22 17:00:00,22151.0,21553.05
2023-10-22 18:00:00,23155.0,21921.592
2023-10-22 19:00:00,22536.0,22433.953
2023-10-22 20:00:00,21576.0,21854.398
2023-10-22 21:00:00,20657.0,20857.973
2023-10-22 22:00:00,20466.0,20216.977
2023-10-22 23:00:00,21341.0,20865.744
2023-10-23 00:00:00,22426.0,22536.967
2023-10-23 01:00:00,23650.0,23993.043
2023-10-23 02:00:00,25510.0,25604.164
2023-10-23 03:00:00,26509.0,26954.693
2023-10-23 04:00:00,26446.0,27349.463
2023-10-23 05:00:00,25875.0,26592.748
2023-10-23 06:00:00,25261.0,25508.656
2023-10-23 07:00:00,24142.0,23868.5
2023-10-23 08:00:00,22980.0,22860.648
2023-10-23 09:00:00,22333.0,22042.07
2023-10-23 10:00:00,21670.0,21483.125
2023-10-23 11:00:00,21216.0,21238.082
2023-10-23 12:00:00,21123.0,20985.92
2023-10-23 13:00:00,21363.0,21074.166
2023-10-23 14:00:00,22152.0,22150.932
2023-10-23 15:00:00,24002.0,23411.615
2023-10-23 16:00:00,25343.0,24801.6
2023-10-23 17:00:00,26157.0,25822.588
2023-10-23 18:00:00,26281.0,25703.244
2023-10-23 19:00:00,25834.0,25574.621
2023-10-23 20:00:00,25091.0,25516.074
2023-10-23 21:00:00,24908.0,24730.72
2023-10-23 22:00:00,24764.0,24814.133
2023-10-23 23:00:00,24452.0,25139.465
2023-10-24 00:00:00,24973.0,25291.342
2023-10-24 01:00:00,26010.0,26037.012
2023-10-24 02:00:00,27250.0,27120.498
2023-10-24 03:00:00,28421.0,28078.004
2023-10-24 04:00:00,28086.0,28422.066
2023-10-24 05:00:00,27071.0,27241.396
2023-10-24 06:00:00,26098.0,26023.762
2023-10-24 07:00:00,24519.0,24732.61
2023-10-24 08:00:00,23153.0,23268.44
2023-10-24 09:00:00,22680.0,22525.324
2023-10-24 10:00:00,21761.0,22223.883
2023-10-24 11:00:00,21103.0,21501.518
2023-10-24 12:00:00,20894.0,21156.75
2023-10-24 13:00:00,20836.0,21244.537
2023-10-24 14:00:00,21817.0,21908.668
2023-10-24 15:00:00,23556.0,23820.441
2023-10-24 16:00:00,24973.0,25221.885
2023-10-24 17:00:00,25493.0,26096.387
2023-10-24 18:00:00,25091.0,25653.37
2023-10-24 19:00:00,23937.0,24884.973
2023-10-24 20:00:00,23050.0,24261.03
2023-10-24 21:00:00,22441.0,23097.074
2023-10-24 22:00:00,22839.0,22675.723
2023-10-24 23:00:00,23269.0,23351.44
2023-10-25 00:00:00,24751.0,24510.045
2023-10-25 01:00:00,26099.0,26126.5
2023-10-25 02:00:00,27630.0,27538.537
2023-10-25 03:00:00,28577.0,28704.158
2023-10-25 04:00:00,28093.0,28732.977
2023-10-25 05:00:00,27230.0,27564.748
2023-10-25 06:00:00,26462.0,26206.05
2023-10-25 07:00:00,25019.0,25202.178
2023-10-25 08:00:00,23699.0,23717.832
2023-10-25 09:00:00,22975.0,22979.932
2023-10-25 10:00:00,22325.0,22445.732
2023-10-25 11:00:00,21705.0,21952.918
2023-10-25 12:00:00,21298.0,21534.506
2023-10-25 13:00:00,21360.0,21576.34
2023-10-25 14:00:00,22246.0,22373.24
2023-10-25 15:00:00,24001.0,23857.268
2023-10-25 16:00:00,25514.0,25262.484
2023-10-25 17:00:00,26074.0,25856.873
2023-10-25 18:00:00,26788.0,25613.197
2023-10-25 19:00:00,26366.0,26010.44
2023-10-25 20:00:00,25928.0,25744.686
2023-10-25 21:00:00,25380.0,25502.848
2023-10-25 22:00:00,25309.0,25082.584
2023-10-25 23:00:00,25326.0,25402.355
2023-10-26 00:00:00,25534.0,25856.299
2023-10-26 01:00:00,25952.0,27065.982
2023-10-26 02:00:00,26804.0,27534.438
2023-10-26 03:00:00,27691.0,28163.479
2023-10-26 04:00:00,27497.0,28276.129
2023-10-26 05:00:00,26926.0,27290.93
2023-10-26 06:00:00,26114.0,26487.512
2023-10-26 07:00:00,24703.0,25035.705
2023-10-26 08:00:00,23781.0,23845.215
2023-10-26 09:00:00,22589.0,23137.654
2023-10-26 10:00:00,21694.0,22395.467
2023-10-26 11:00:00,21458.0,21945.883
2023-10-26 12:00:00,21150.0,21993.598
2023-10-26 13:00:00,21096.0,21661.77
2023-10-26 14:00:00,22111.0,22442.145
2023-10-26 15:00:00,24063.0,24297.613
2023-10-26 16:00:00,25286.0,25646.129
2023-10-26 17:00:00,25236.0,25942.68
2023-10-26 18:00:00,24739.0,25413.441
2023-10-26 19:00:00,23334.0,24515.12
2023-10-26 20:00:00,22553.0,23395.744
2023-10-26 21:00:00,22776.0,22734.416
2023-10-26 22:00:00,22610.0,23063.197
2023-10-26 23:00:00,23177.0,23021.229
2023-10-27 00:00:00,24305.0,24431.111
2023-10-27 01:00:00,24894.0,25916.818
2023-10-27 02:00:00,26280.0,26986.686
2023-10-27 03:00:00,27629.0,28106.281
2023-10-27 04:00:00,27701.0,28045.684
2023-10-27 05:00:00,26765.0,27395.898
2023-10-27 06:00:00,26064.0,26167.766
2023-10-27 07:00:00,24617.0,24865.762
2023-10-27 08:00:00,23161.0,23752.29
2023-10-27 09:00:00,22282.0,22726.89
2023-10-27 10:00:00,21496.0,22229.545
2023-10-27 11:00:00,20943.0,21769.1
2023-10-27 12:00:00,20789.0,21055.748
2023-10-27 13:00:00,21038.0,21107.375
2023-10-27 14:00:00,22090.0,21931.773
2023-10-27 15:00:00,23877.0,23886.707
2023-10-27 16:00:00,25353.0,25107.213
2023-10-27 17:00:00,25913.0,25537.521
2023-10-27 18:00:00,25678.0,25269.545
2023-10-27 19:00:00,24314.0,25003.328
2023-10-27 20:00:00,23290.0,23635.902
2023-10-27 21:00:00,22890.0,23004.758
2023-10-27 22:00:00,22485.0,22910.902
2023-10-27 23:00:00,22347.0,22760.22
2023-10-28 00:00:00,23113.0,23462.303
2023-10-28 01:00:00,24250.0,24447.543
2023-10-28 02:00:00,25954.0,26182.559
2023-10-28 03:00:00,27114.0,27333.697
2023-10-28 04:00:00,26509.0,27710.139
2023-10-28 05:00:00,25950.0,26750.307
2023-10-28 06:00:00,25282.0,25619.254
2023-10-28 07:00:00,24063.0,24185.861
2023-10-28 08:00:00,22805.0,23121.729
2023-10-28 09:00:00,22002.0,22355.025
2023-10-28 10:00:00,21340.0,21808.07
2023-10-28 11:00:00,20742.0,21128.785
2023-10-28 12:00:00,20160.0,20553.74
2023-10-28 13:00:00,20175.0,20277.709
2023-10-28 14:00:00,20441.0,20912.652
2023-10-28 15:00:00,21287.0,21469.45
2023-10-28 16:00:00,21797.0,21979.963
2023-10-28 17:00:00,22027.0,22631.973
2023-10-28 18:00:00,21188.0,21862.299
2023-10-28 19:00:00,20632.0,20438.467
2023-10-28 20:00:00,19562.0,19900.473
2023-10-28 21:00:00,18682.0,19313.99
2023-10-28 22:00:00,18484.0,18808.404
2023-10-28 23:00:00,18742.0,19126.096
2023-10-29 00:00:00,19834.0,20056.238
2023-10-29 01:00:00,21909.0,21706.916
2023-10-29 02:00:00,23850.0,24095.695
2023-10-29 03:00:00,25209.0,25901.63
2023-10-29 04:00:00,25142.0,26378.348
2023-10-29 05:00:00,24469.0,25208.277
2023-10-29 06:00:00,23941.0,24548.578
2023-10-29 07:00:00,23112.0,23233.977
2023-10-29 08:00:00,22075.0,22511.537
2023-10-29 09:00:00,21506.0,21552.262
2023-10-29 10:00:00,20851.0,21214.88
2023-10-29 11:00:00,20238.0,20467.896
2023-10-29 12:00:00,19862.0,20025.36
2023-10-29 13:00:00,19590.0,19795.723
2023-10-29 14:00:00,19759.0,19933.322
2023-10-29 15:00:00,20383.0,20176.863
2023-10-29 16:00:00,21017.0,20886.143
2023-10-29 17:00:00,20824.0,21442.893
2023-10-29 18:00:00,20379.0,20602.375
2023-10-29 19:00:00,19447.0,19500.098
2023-10-29 20:00:00,18367.0,18860.102
2023-10-29 21:00:00,17930.0,18102.338
2023-10-29 22:00:00,17632.0,17541.96
2023-10-29 23:00:00,17898.0,17780.516
2023-10-30 00:00:00,19013.0,18812.785
2023-10-30 01:00:00,21066.0,21081.867
2023-10-30 02:00:00,23422.0,23313.127
2023-10-30 03:00:00,24926.0,25729.71
2023-10-30 04:00:00,24854.0,26600.023
2023-10-30 05:00:00,24391.0,25338.904
2023-10-30 06:00:00,23704.0,24270.238
2023-10-30 07:00:00,22423.0,23110.764
2023-10-30 08:00:00,21171.0,21904.012
2023-10-30 09:00:00,20842.0,21101.664
2023-10-30 10:00:00,20339.0,20643.652
2023-10-30 11:00:00,19988.0,20490.006
2023-10-30 12:00:00,20160.0,20261.455
2023-10-30 13:00:00,20627.0,20547.121
2023-10-30 14:00:00,21653.0,21685.66
2023-10-30 15:00:00,23843.0,23442.355
2023-10-30 16:00:00,25140.0,25191.06
2023-10-30 17:00:00,25152.0,25720.814
2023-10-30 18:00:00,25030.0,24877.342
2023-10-30 19:00:00,24136.0,24588.574
2023-10-30 20:00:00,23327.0,23731.818
2023-10-30 21:00:00,22959.0,23539.83
2023-10-30 22:00:00,22932.0,22900.62
2023-10-30 23:00:00,22929.0,23082.455
2023-10-31 00:00:00,23391.0,23443.504
2023-10-31 01:00:00,24720.0,24786.654
2023-10-31 02:00:00,26488.0,26284.701
2023-10-31 03:00:00,27453.0,28014.059
2023-10-31 04:00:00,27048.0,28018.95
2023-10-31 05:00:00,26284.0,27002.014
2023-10-31 06:00:00,25481.0,25633.012
2023-10-31 07:00:00,24037.0,24300.459
2023-10-31 08:00:00,22604.0,22970.07
2023-10-31 09:00:00,21867.0,22055.191
2023-10-31 10:00:00,21138.0,21546.268
2023-10-31 11:00:00,20803.0,21200.63
2023-10-31 12:00:00,20804.0,20819.371
2023-10-31 13:00:00,21111.0,21059.281
2023-10-31 14:00:00,21857.0,22089.791
2023-10-31 15:00:00,24021.0,24070.451
2023-10-31 16:00:00,25521.0,25951.414
2023-10-31 17:00:00,25678.0,26249.56
2023-10-31 18:00:00,25352.0,25543.08
2023-10-31 19:00:00,24337.0,24199.83
2023-10-31 20:00:00,23590.0,23649.959
2023-10-31 21:00:00,23237.5,22951.03
2023-10-31 22:00:00,22885.0,22853.56
2023-10-31 23:00:00,22628.0,23035.922
2023-11-01 00:00:00,23438.0,23579.879
2023-11-01 01:00:00,25119.0,24984.346
2023-11-01 02:00:00,26577.0,27066.787
2023-11-01 03:00:00,26975.0,28227.236
2023-11-01 04:00:00,26150.0,28061.316
2023-11-01 05:00:00,25573.0,26447.697
2023-11-01 06:00:00,25134.0,25294.906
2023-11-01 07:00:00,23966.0,23984.752
2023-11-01 08:00:00,22634.0,23001.994
2023-11-01 09:00:00,21976.0,22170.29
2023-11-01 10:00:00,21490.0,21556.795
2023-11-01 11:00:00,21039.0,21413.904
2023-11-01 12:00:00,20784.0,21224.666
2023-11-01 13:00:00,20797.0,21030.262
2023-11-01 14:00:00,21971.0,21921.465
2023-11-01 15:00:00,23936.0,24111.191
2023-11-01 16:00:00,25458.0,25818.158
2023-11-01 17:00:00,25747.0,26152.648
2023-11-01 18:00:00,25637.0,25050.992
2023-11-01 19:00:00,25064.0,24834.918
2023-11-01 20:00:00,24420.0,24344.543
2023-11-01 21:00:00,23955.0,23937.902
2023-11-01 22:00:00,23773.0,23735.96
2023-11-01 23:00:00,23950.0,23811.816
2023-11-02 00:00:00,24821.0,24605.098
2023-11-02 01:00:00,25833.0,26139.303
2023-11-02 02:00:00,27367.0,27354.607
2023-11-02 03:00:00,28248.0,28609.996
2023-11-02 04:00:00,27594.0,28672.736
2023-11-02 05:00:00,26626.0,27188.098
2023-11-02 06:00:00,25901.0,25782.28
2023-11-02 07:00:00,24416.0,24677.344
2023-11-02 08:00:00,23075.0,23371.258
2023-11-02 09:00:00,22601.0,22365.402
2023-11-02 10:00:00,22052.0,22182.348
2023-11-02 11:00:00,21671.0,21720.363
2023-11-02 12:00:00,20953.0,21590.822
2023-11-02 13:00:00,20990.0,21011.693
2023-11-02 14:00:00,22025.0,21945.896
2023-11-02 15:00:00,24021.0,23919.918
2023-11-02 16:00:00,25484.0,25867.85
2023-11-02 17:00:00,25576.0,26166.205
2023-11-02 18:00:00,25521.0,25085.703
2023-11-02 19:00:00,24755.0,24584.67
2023-11-02 20:00:00,24742.0,23991.389
2023-11-02 21:00:00,24298.0,24343.998
2023-11-02 22:00:00,24208.0,24404.123
2023-11-02 23:00:00,25047.0,24338.604
2023-11-03 00:00:00,25537.0,25146.135
2023-11-03 01:00:00,26169.0,26647.4
2023-11-03 02:00:00,27768.0,27487.71
2023-11-03 03:00:00,28694.0,28945.639
2023-11-03 04:00:00,28159.0,28723.545
2023-11-03 05:00:00,27149.0,27637.701
2023-11-03 06:00:00,26213.0,26137.473
2023-11-03 07:00:00,24538.0,24676.61
2023-11-03 08:00:00,23043.0,23307.57
2023-11-03 09:00:00,22409.0,22448.896
2023-11-03 10:00:00,21565.0,22099.543
2023-11-03 11:00:00,20873.0,21337.752
2023-11-03 12:00:00,20706.0,20893.594
2023-11-03 13:00:00,21038.0,21059.066
2023-11-03 14:00:00,21306.0,21946.11
2023-11-03 15:00:00,23554.0,22820.295
2023-11-03 16:00:00,24850.0,24932.95
2023-11-03 17:00:00,25017.0,25714.951
2023-11-03 18:00:00,24952.0,25106.316
2023-11-03 19:00:00,24615.0,24629.707
2023-11-03 20:00:00,23856.0,24249.43
2023-11-03 21:00:00,23529.0,23864.04
2023-11-03 22:00:00,23711.0,23539.287
2023-11-03 23:00:00,24254.0,24219.365
2023-11-04 00:00:00,25102.0,25079.285
2023-11-04 01:00:00,25838.0,26195.402
2023-11-04 02:00:00,27286.0,27177.125
2023-11-04 03:00:00,27895.0,28169.6
2023-11-04 04:00:00,27163.0,28280.75
2023-11-04 05:00:00,26333.0,26959.818
2023-11-04 06:00:00,25540.0,25628.764
2023-11-04 07:00:00,24435.0,24100.264
2023-11-04 08:00:00,23236.0,23248.398
2023-11-04 09:00:00,22127.0,22383.014
2023-11-04 10:00:00,21258.0,21583.3
2023-11-04 11:00:00,20561.0,20928.176
2023-11-04 12:00:00,20091.0,20379.703
2023-11-04 13:00:00,19982.0,20150.543
2023-11-04 14:00:00,20275.0,20184.775
2023-11-04 15:00:00,21090.0,20828.36
2023-11-04 16:00:00,21799.0,21500.285
2023-11-04 17:00:00,22473.0,22142.078
2023-11-04 18:00:00,23343.0,22353.496
2023-11-04 19:00:00,22885.0,22803.816
2023-11-04 20:00:00,21916.0,22647.582
2023-11-04 21:00:00,21281.0,21678.533
2023-11-04 22:00:00,21021.0,21052.89
2023-11-04 23:00:00,20964.0,20904.785
2023-11-05 00:00:00,21962.0,21250.113
2023-11-05 01:00:00,23628.0,23044.553
2023-11-05 02:00:00,25112.0,24815.19
2023-11-05 03:00:00,25933.0,26034.81
2023-11-05 04:00:00,25529.0,26509.256
2023-11-05 05:00:00,24896.0,25295.396
2023-11-05 06:00:00,24126.0,24332.633
2023-11-05 07:00:00,23086.0,23201.809
2023-11-05 08:00:00,21979.0,22308.51
2023-11-05 09:00:00,21433.0,21270.828
2023-11-05 10:00:00,20666.0,20841.066
2023-11-05 11:00:00,19873.0,20186.158
2023-11-05 12:00:00,19729.0,19750.672
2023-11-05 13:00:00,19486.0,19663.611
2023-11-05 14:00:00,19418.0,19776.936
2023-11-05 15:00:00,19780.0,20027.01
2023-11-05 16:00:00,20025.0,20349.914
2023-11-05 17:00:00,20260.0,20457.246
2023-11-05 18:00:00,20591.0,20142.273
2023-11-05 19:00:00,20724.0,20171.38
2023-11-05 20:00:00,20677.0,20551.07
2023-11-05 21:00:00,20552.0,20561.332
2023-11-05 22:00:00,20731.0,20348.541
2023-11-05 23:00:00,21065.0,20908.518
2023-11-06 00:00:00,22439.0,21822.021
2023-11-06 01:00:00,23703.0,23515.95
2023-11-06 02:00:00,25218.0,25408.34
2023-11-06 03:00:00,26745.0,26461.227
2023-11-06 04:00:00,26374.0,27135.775
2023-11-06 05:00:00,25590.0,26182.078
2023-11-06 06:00:00,24883.0,24646.195
2023-11-06 07:00:00,24062.0,23631.693
2023-11-06 08:00:00,22729.0,22675.58
2023-11-06 09:00:00,21514.0,21944.68
2023-11-06 10:00:00,21137.0,21029.525
2023-11-06 11:00:00,20718.0,20804.459
2023-11-06 12:00:00,20229.0,20613.967
2023-11-06 13:00:00,19996.0,20467.393
2023-11-06 14:00:00,20242.0,20838.395
2023-11-06 15:00:00,21469.0,21651.87
2023-11-06 16:00:00,23201.0,22874.21
2023-11-06 17:00:00,23820.0,24037.797
2023-11-06 18:00:00,24041.0,23735.455
2023-11-06 19:00:00,23868.0,23656.12
2023-11-06 20:00:00,23346.0,23601.73
2023-11-06 21:00:00,23321.0,23335.49
2023-11-06 22:00:00,23915.0,23468.553
2023-11-06 23:00:00,24233.0,24346.62
2023-11-07 00:00:00,25185.0,24802.809
2023-11-07 01:00:00,25967.0,25780.695
2023-11-07 02:00:00,27273.0,27104.299
2023-11-07 03:00:00,28392.0,28399.412
2023-11-07 04:00:00,28079.0,28601.424
2023-11-07 05:00:00,27114.0,27431.268
2023-11-07 06:00:00,26297.0,26087.334
2023-11-07 07:00:00,25376.0,25102.428
2023-11-07 08:00:00,24213.0,23741.408
2023-11-07 09:00:00,22572.0,23188.87
2023-11-07 10:00:00,21633.0,22140.021
2023-11-07 11:00:00,21160.0,21409.516
2023-11-07 12:00:00,20901.0,21171.797
2023-11-07 13:00:00,20695.0,21075.19
2023-11-07 14:00:00,20987.0,21720.969
2023-11-07 15:00:00,22130.0,22281.91
2023-11-07 16:00:00,23871.0,23965.885
2023-11-07 17:00:00,24896.0,24724.51
2023-11-07 18:00:00,24680.0,24735.887
2023-11-07 19:00:00,24415.0,24002.902
2023-11-07 20:00:00,24104.0,23761.889
2023-11-07 21:00:00,23790.0,23578.574
2023-11-07 22:00:00,23459.0,23473.236
2023-11-07 23:00:00,23838.0,23402.533
2023-11-08 00:00:00,24347.0,24616.195
2023-11-08 01:00:00,24705.0,25716.18
2023-11-08 02:00:00,26160.0,26653.479
2023-11-08 03:00:00,27686.0,27415.014
2023-11-08 04:00:00,27353.0,28398.104
2023-11-08 05:00:00,26743.0,27247.814
2023-11-08 06:00:00,26079.0,26042.62
2023-11-08 07:00:00,25271.0,24825.252
2023-11-08 08:00:00,23960.0,23890.11
2023-11-08 09:00:00,22716.0,23071.889
2023-11-08 10:00:00,22151.0,22250.6
2023-11-08 11:00:00,22089.0,21771.354
2023-11-08 12:00:00,21262.0,21750.201
2023-11-08 13:00:00,20730.0,21557.734
2023-11-08 14:00:00,21129.0,21659.678
2023-11-08 15:00:00,22516.0,22776.719
2023-11-08 16:00:00,24352.0,24534.521
2023-11-08 17:00:00,24984.0,25319.564
2023-11-08 18:00:00,24058.0,24671.215
2023-11-08 19:00:00,23683.0,23498.951
2023-11-08 20:00:00,23281.0,23025.738
2023-11-08 21:00:00,22892.0,22841.611
2023-11-08 22:00:00,22967.0,22895.615
2023-11-08 23:00:00,23337.0,23023.047
2023-11-09 00:00:00,23493.0,23922.145
2023-11-09 01:00:00,24469.0,24923.441
2023-11-09 02:00:00,26213.0,26278.334
2023-11-09 03:00:00,27862.0,27730.4
2023-11-09 04:00:00,27488.0,28190.592
2023-11-09 05:00:00,26785.0,27185.824
2023-11-09 06:00:00,26372.0,26161.17
2023-11-09 07:00:00,25433.0,25241.816
2023-11-09 08:00:00,24119.0,23986.547
2023-11-09 09:00:00,22734.0,23200.658
2023-11-09 10:00:00,22107.0,22212.963
2023-11-09 11:00:00,21480.0,21759.15
2023-11-09 12:00:00,21118.0,21410.762
2023-11-09 13:00:00,21099.0,21249.48
2023-11-09 14:00:00,21277.0,21836.904
2023-11-09 15:00:00,22557.0,22802.312
2023-11-09 16:00:00,24342.0,24185.041
2023-11-09 17:00:00,24447.0,25217.262
2023-11-09 18:00:00,24208.0,24035.875
2023-11-09 19:00:00,23221.0,23374.205
2023-11-09 20:00:00,22903.0,22619.117
2023-11-09 21:00:00,22810.0,22400.879
2023-11-09 22:00:00,22698.0,22520.639
2023-11-09 23:00:00,23073.0,22809.955
2023-11-10 00:00:00,23937.0,23408.06
2023-11-10 01:00:00,25125.0,24891.416
2023-11-10 02:00:00,25729.0,26537.857
2023-11-10 03:00:00,27528.0,27166.303
2023-11-10 04:00:00,27244.0,27933.854
2023-11-10 05:00:00,26415.0,27032.963
2023-11-10 06:00:00,25740.0,25931.21
2023-11-10 07:00:00,25185.0,24540.998
2023-11-10 08:00:00,23851.0,23737.918
2023-11-10 09:00:00,22508.0,22922.574
2023-11-10 10:00:00,22140.0,21969.762
2023-11-10 11:00:00,21720.0,21604.8
2023-11-10 12:00:00,21544.0,21350.861
2023-11-10 13:00:00,21098.0,21589.594
2023-11-10 14:00:00,21099.0,21638.836
2023-11-10 15:00:00,21879.0,22222.795
2023-11-10 16:00:00,23074.0,23808.387
2023-11-10 17:00:00,23916.0,23891.164
2023-11-10 18:00:00,23822.0,23667.615
2023-11-10 19:00:00,22867.0,23055.44
2023-11-10 20:00:00,22678.0,22168.236
2023-11-10 21:00:00,22398.0,22228.719
2023-11-10 22:00:00,21794.0,22133.451
2023-11-10 23:00:00,22637.0,21929.502
2023-11-11 00:00:00,23287.0,23132.182
2023-11-11 01:00:00,23740.0,24737.02
2023-11-11 02:00:00,25299.0,25334.107
2023-11-11 03:00:00,26735.0,26619.164
2023-11-11 04:00:00,26314.0,27124.607
2023-11-11 05:00:00,25675.0,26145.166
2023-11-11 06:00:00,25026.0,25045.303
2023-11-11 07:00:00,24450.0,24327.812
2023-11-11 08:00:00,23445.0,23298.357
2023-11-11 09:00:00,22385.0,22577.83
2023-11-11 10:00:00,21818.0,21748.717
2023-11-11 11:00:00,21020.0,21313.64
2023-11-11 12:00:00,20496.0,20783.898
2023-11-11 13:00:00,20073.0,20469.33
2023-11-11 14:00:00,20208.0,20229.984
2023-11-11 15:00:00,20708.0,20807.229
2023-11-11 16:00:00,21268.0,21186.74
2023-11-11 17:00:00,21487.0,21508.838
2023-11-11 18:00:00,21458.0,21188.656
2023-11-11 19:00:00,20473.0,20399.41
2023-11-11 20:00:00,19650.0,19626.121
2023-11-11 21:00:00,19163.0,19428.332
2023-11-11 22:00:00,19156.0,19185.723
2023-11-11 23:00:00,19058.0,19318.512
2023-11-12 00:00:00,19771.0,20058.713
2023-11-12 01:00:00,21626.0,21324.084
2023-11-12 02:00:00,23690.0,23513.256
2023-11-12 03:00:00,25075.0,25309.13
2023-11-12 04:00:00,24913.0,25884.139
2023-11-12 05:00:00,24317.0,24926.957
2023-11-12 06:00:00,23866.0,24085.281
2023-11-12 07:00:00,23342.0,23123.54
2023-11-12 08:00:00,22583.0,22587.768
2023-11-12 09:00:00,21563.0,21805.072
2023-11-12 10:00:00,20952.0,20949.352
2023-11-12 11:00:00,20385.0,20595.447
2023-11-12 12:00:00,19929.0,20204.03
2023-11-12 13:00:00,19658.0,19862.936
2023-11-12 14:00:00,19600.0,19586.861
2023-11-12 15:00:00,20022.0,19796.906
2023-11-12 16:00:00,20392.0,20071.986
2023-11-12 17:00:00,20382.0,20434.963
2023-11-12 18:00:00,19689.0,19820.137
2023-11-12 19:00:00,19329.0,18862.412
2023-11-12 20:00:00,18751.0,18705.049
2023-11-12 21:00:00,18147.0,18373.105
2023-11-12 22:00:00,18470.0,17661.863
2023-11-12 23:00:00,19493.0,18678.156
2023-11-13 00:00:00,20364.0,20012.303
2023-11-13 01:00:00,21990.0,21498.88
2023-11-13 02:00:00,24036.0,23908.096
2023-11-13 03:00:00,25635.0,25790.777
2023-11-13 04:00:00,25381.0,26224.05
2023-11-13 05:00:00,24800.0,25312.783
2023-11-13 06:00:00,24276.0,24147.55
2023-11-13 07:00:00,23532.0,23205.24
2023-11-13 08:00:00,22389.0,22333.576
2023-11-13 09:00:00,21127.0,21834.082
2023-11-13 10:00:00,20977.0,20863.371
2023-11-13 11:00:00,20482.0,20757.16
2023-11-13 12:00:00,20153.0,20416.896
2023-11-13 13:00:00,19913.0,20368.998
2023-11-13 14:00:00,20184.0,20613.023
2023-11-13 15:00:00,21683.0,21099.252
2023-11-13 16:00:00,23645.0,22840.21
2023-11-13 17:00:00,23999.0,23984.0
2023-11-13 18:00:00,23817.0,23776.234
2023-11-13 19:00:00,24173.0,23378.047
2023-11-13 20:00:00,23870.0,23761.56
2023-11-13 21:00:00,23808.0,23611.043
2023-11-13 22:00:00,23536.0,23537.395
2023-11-13 23:00:00,22745.0,23154.588
2023-11-14 00:00:00,23033.0,23100.008
2023-11-14 01:00:00,24705.0,23876.166
2023-11-14 02:00:00,26144.0,26188.328
2023-11-14 03:00:00,27276.0,27399.598
2023-11-14 04:00:00,27266.0,27683.291
2023-11-14 05:00:00,26831.0,26992.826
2023-11-14 06:00:00,26315.0,26008.639
2023-11-14 07:00:00,25175.0,25112.29
2023-11-14 08:00:00,23673.0,23876.877
2023-11-14 09:00:00,22445.0,22844.559
2023-11-14 10:00:00,21625.0,22128.338
2023-11-14 11:00:00,21362.0,21453.877
2023-11-14 12:00:00,21203.0,21276.059
2023-11-14 13:00:00,20993.0,21377.986
2023-11-14 14:00:00,20748.0,21662.205
2023-11-14 15:00:00,21947.0,22094.973
2023-11-14 16:00:00,23897.0,24113.855
2023-11-14 17:00:00,24735.0,24318.04
2023-11-14 18:00:00,24805.0,24347.512
2023-11-14 19:00:00,24553.0,24227.723
2023-11-14 20:00:00,24323.5,23931.736
2023-11-14 21:00:00,24094.0,23953.844
2023-11-14 22:00:00,23227.0,23909.557
2023-11-14 23:00:00,23770.0,23324.78
2023-11-15 00:00:00,24295.0,23868.809
2023-11-15 01:00:00,25416.0,25024.64
2023-11-15 02:00:00,26728.0,26731.31
2023-11-15 03:00:00,27780.0,28127.37
2023-11-15 04:00:00,27251.0,28352.805
2023-11-15 05:00:00,26481.0,27211.473
2023-11-15 06:00:00,25663.0,25995.922
2023-11-15 07:00:00,24996.0,24651.846
2023-11-15 08:00:00,23925.0,23700.39
2023-11-15 09:00:00,22993.0,23140.412
2023-11-15 10:00:00,22279.0,22444.912
2023-11-15 11:00:00,21635.0,21910.166
2023-11-15 12:00:00,21330.0,21454.916
2023-11-15 13:00:00,20941.0,21426.215
2023-11-15 14:00:00,20800.0,21495.797
2023-11-15 15:00:00,21883.0,22072.275
2023-11-15 16:00:00,23754.0,24177.264
2023-11-15 17:00:00,24954.0,24615.373
2023-11-15 18:00:00,26062.0,25030.205
2023-11-15 19:00:00,26658.0,25733.402
2023-11-15 20:00:00,27139.0,26059.098
2023-11-15 21:00:00,26774.0,26583.318
2023-11-15 22:00:00,26155.0,26676.436
2023-11-15 23:00:00,26003.0,26096.809
2023-11-16 00:00:00,26418.0,26095.434
2023-11-16 01:00:00,26479.0,26896.848
2023-11-16 02:00:00,27181.0,27557.635
2023-11-16 03:00:00,27789.0,28384.041
2023-11-16 04:00:00,27281.0,28297.758
2023-11-16 05:00:00,26553.0,27105.842
2023-11-16 06:00:00,25853.0,25775.559
2023-11-16 07:00:00,25103.0,24691.781
2023-11-16 08:00:00,23863.0,23897.893
2023-11-16 09:00:00,22861.0,23190.352
2023-11-16 10:00:00,21958.0,22413.078
2023-11-16 11:00:00,21457.0,21717.35
2023-11-16 12:00:00,20950.0,21454.436
2023-11-16 13:00:00,21064.0,21070.398
2023-11-16 14:00:00,20995.0,21654.098
2023-11-16 15:00:00,22022.0,22226.434
2023-11-16 16:00:00,23881.0,24094.111
2023-11-16 17:00:00,24324.0,24777.246
2023-11-16 18:00:00,24324.0,24622.303
2023-11-16 19:00:00,24594.0,24413.045
2023-11-16 20:00:00,24963.0,24714.395
2023-11-16 21:00:00,25084.0,25082.496
2023-11-16 22:00:00,25455.0,25205.121
2023-11-16 23:00:00,25184.0,25624.059
2023-11-17 00:00:00,24641.0,25919.104
2023-11-17 01:00:00,25623.0,25709.328
2023-11-17 02:00:00,26794.0,27034.871
2023-11-17 03:00:00,27824.0,28022.719
2023-11-17 04:00:00,27379.0,28065.732
2023-11-17 05:00:00,26783.0,27160.748
2023-11-17 06:00:00,26056.0,25875.47
2023-11-17 07:00:00,25130.0,24696.059
2023-11-17 08:00:00,23774.0,23758.832
2023-11-17 09:00:00,22571.0,22930.195
2023-11-17 10:00:00,22119.0,22023.037
2023-11-17 11:00:00,21319.0,21751.006
2023-11-17 12:00:00,21069.0,21119.342
2023-11-17 13:00:00,20754.0,20966.45
2023-11-17 14:00:00,20996.0,21150.973
2023-11-17 15:00:00,22094.0,21858.375
2023-11-17 16:00:00,23786.0,23276.98
2023-11-17 17:00:00,24418.0,24123.709
2023-11-17 18:00:00,24529.0,24384.29
2023-11-17 19:00:00,24983.0,24133.693
2023-11-17 20:00:00,24931.0,24378.188
2023-11-17 21:00:00,24674.0,24856.15
2023-11-17 22:00:00,24591.0,24732.877
2023-11-17 23:00:00,24965.0,25060.08
2023-11-18 00:00:00,25306.0,25023.898
2023-11-18 01:00:00,25676.0,25921.068
2023-11-18 02:00:00,26799.0,26655.871
2023-11-18 03:00:00,27728.0,27606.945
2023-11-18 04:00:00,27018.0,27836.518
2023-11-18 05:00:00,26206.0,26673.2
2023-11-18 06:00:00,25528.0,25328.516
2023-11-18 07:00:00,24861.0,24367.123
2023-11-18 08:00:00,23830.0,23633.582
2023-11-18 09:00:00,22655.0,22948.021
2023-11-18 10:00:00,21894.0,22089.541
2023-11-18 11:00:00,21049.0,21451.432
2023-11-18 12:00:00,20355.0,20765.34
2023-11-18 13:00:00,20180.0,20258.615
2023-11-18 14:00:00,20331.0,20271.076
2023-11-18 15:00:00,20765.0,20968.908
2023-11-18 16:00:00,21128.0,21242.434
2023-11-18 17:00:00,21095.0,21587.777
2023-11-18 18:00:00,22004.0,21023.76
2023-11-18 19:00:00,22806.0,21742.094
2023-11-18 20:00:00,23495.0,22443.0
2023-11-18 21:00:00,23913.0,22880.096
2023-11-18 22:00:00,23603.0,23536.943
2023-11-18 23:00:00,23406.0,23297.922
2023-11-19 00:00:00,23065.0,23661.03
2023-11-19 01:00:00,23431.0,23837.775
2023-11-19 02:00:00,24088.0,24786.215
2023-11-19 03:00:00,25635.0,25630.809
2023-11-19 04:00:00,25097.0,26532.113
2023-11-19 05:00:00,24639.0,25132.068
2023-11-19 06:00:00,24208.0,24408.691
2023-11-19 07:00:00,23766.0,23571.125
2023-11-19 08:00:00,22719.0,22979.809
2023-11-19 09:00:00,21771.0,22127.4
2023-11-19 10:00:00,21004.0,21210.46
2023-11-19 11:00:00,20634.0,20490.31
2023-11-19 12:00:00,20279.0,20123.088
2023-11-19 13:00:00,19902.0,20163.203
2023-11-19 14:00:00,19705.0,19992.137
2023-11-19 15:00:00,19938.0,20111.818
2023-11-19 16:00:00,20407.0,20236.85
2023-11-19 17:00:00,20267.0,20412.166
2023-11-19 18:00:00,20597.0,19775.639
2023-11-19 19:00:00,20548.0,19702.764
2023-11-19 20:00:00,20467.0,19782.861
2023-11-19 21:00:00,20179.0,20071.445
2023-11-19 22:00:00,20223.0,19983.49
2023-11-19 23:00:00,19524.0,20374.934
2023-11-20 00:00:00,19512.0,20876.43
2023-11-20 01:00:00,21403.0,21681.059
2023-11-20 02:00:00,23891.0,23978.312
2023-11-20 03:00:00,25418.0,26397.697
2023-11-20 04:00:00,25404.0,26401.875
2023-11-20 05:00:00,25018.0,25394.277
2023-11-20 06:00:00,24472.0,24618.559
2023-11-20 07:00:00,23935.0,23734.629
2023-11-20 08:00:00,22810.0,22767.594
2023-11-20 09:00:00,21893.0,22134.99
2023-11-20 10:00:00,21501.0,21564.11
2023-11-20 11:00:00,21006.0,21314.867
2023-11-20 12:00:00,20915.0,20868.756
2023-11-20 13:00:00,20604.0,21019.064
2023-11-20 14:00:00,20990.0,20997.83
2023-11-20 15:00:00,22244.0,21878.332
2023-11-20 16:00:00,23263.0,23453.662
2023-11-20 17:00:00,23930.0,23812.887
2023-11-20 18:00:00,24300.0,23657.72
2023-11-20 19:00:00,23944.0,23807.354
2023-11-20 20:00:00,23271.0,23543.326
2023-11-20 21:00:00,22444.0,23038.988
2023-11-20 22:00:00,22187.0,22210.83
2023-11-20 23:00:00,22661.0,22011.018
2023-11-21 00:00:00,23259.0,22657.36
2023-11-21 01:00:00,24301.0,23815.902
2023-11-21 02:00:00,26361.0,25903.662
2023-11-21 03:00:00,27952.0,27503.83
2023-11-21 04:00:00,27528.0,28170.55
2023-11-21 05:00:00,26928.0,27101.129
2023-11-21 06:00:00,26306.0,26106.523
2023-11-21 07:00:00,25573.0,25075.854
2023-11-21 08:00:00,24241.0,24202.117
2023-11-21 09:00:00,23138.0,23320.574
2023-11-21 10:00:00,22472.0,22571.35
2023-11-21 11:00:00,21634.0,22140.121
2023-11-21 12:00:00,21198.0,21587.69
2023-11-21 13:00:00,21026.0,21342.523
2023-11-21 14:00:00,21446.0,21649.01
2023-11-21 15:00:00,22724.0,22366.209
2023-11-21 16:00:00,24308.0,23785.662
2023-11-21 17:00:00,24573.0,24514.43
2023-11-21 18:00:00,25010.0,24131.799
2023-11-21 19:00:00,24544.0,24479.875
2023-11-21 20:00:00,24358.0,23873.389
2023-11-21 21:00:00,24025.0,23789.95
2023-11-21 22:00:00,23972.0,23595.01
2023-11-21 23:00:00,24731.0,23848.842
2023-11-22 00:00:00,25373.0,24684.283
2023-11-22 01:00:00,25715.0,25566.701
2023-11-22 02:00:00,27034.0,27006.307
2023-11-22 03:00:00,28028.0,28146.295
2023-11-22 04:00:00,27635.0,28091.285
2023-11-22 05:00:00,27004.0,27156.188
2023-11-22 06:00:00,26376.0,26261.9
2023-11-22 07:00:00,25657.0,25203.207
2023-11-22 08:00:00,24340.0,24253.02
2023-11-22 09:00:00,23102.0,23302.516
2023-11-22 10:00:00,22607.0,22434.652
2023-11-22 11:00:00,22247.0,22157.803
2023-11-22 12:00:00,21648.0,21976.582
2023-11-22 13:00:00,21432.0,21809.016
2023-11-22 14:00:00,21535.0,22052.564
2023-11-22 15:00:00,22787.0,22429.207
2023-11-22 16:00:00,24226.0,24229.479
2023-11-22 17:00:00,24496.0,25085.02
2023-11-22 18:00:00,24864.0,24451.596
2023-11-22 19:00:00,24719.0,24502.56
2023-11-22 20:00:00,23907.0,24331.615
2023-11-22 21:00:00,23109.0,23849.893
2023-11-22 22:00:00,23165.0,22958.967
2023-11-22 23:00:00,23486.0,23414.91
2023-11-23 00:00:00,24689.0,24355.104
2023-11-23 01:00:00,25775.0,26024.623
2023-11-23 02:00:00,26866.0,27288.756
2023-11-23 03:00:00,27706.0,28145.828
2023-11-23 04:00:00,27172.0,28109.227
2023-11-23 05:00:00,26446.0,27053.162
2023-11-23 06:00:00,25802.0,25983.752
2023-11-23 07:00:00,25217.0,25019.605
2023-11-23 08:00:00,24046.0,23844.086
2023-11-23 09:00:00,22818.0,23089.074
2023-11-23 10:00:00,22016.0,22344.352
2023-11-23 11:00:00,21089.0,21691.262
2023-11-23 12:00:00,20605.0,21235.977
2023-11-23 13:00:00,19946.0,20827.883
2023-11-23 14:00:00,20033.0,20633.56
2023-11-23 15:00:00,20263.0,21433.922
2023-11-23 16:00:00,20794.0,21815.82
2023-11-23 17:00:00,20739.0,21934.945
2023-11-23 18:00:00,20259.0,21082.895
2023-11-23 19:00:00,20165.0,20128.404
2023-11-23 20:00:00,19913.0,20064.852
2023-11-23 21:00:00,19289.0,19896.256
2023-11-23 22:00:00,19644.0,19586.768
2023-11-23 23:00:00,21087.0,20044.262
2023-11-24 00:00:00,21240.0,22350.523
2023-11-24 01:00:00,21635.0,22949.527
2023-11-24 02:00:00,22923.0,24152.13
2023-11-24 03:00:00,23717.0,25405.777
2023-11-24 04:00:00,23025.0,25759.193
2023-11-24 05:00:00,22663.0,24222.074
2023-11-24 06:00:00,22411.0,23877.852
2023-11-24 07:00:00,22650.0,23620.596
2023-11-24 08:00:00,22178.0,23250.023
2023-11-24 09:00:00,21426.0,21861.873
2023-11-24 10:00:00,20922.0,21354.428
2023-11-24 11:00:00,20320.0,20631.795
2023-11-24 12:00:00,20088.0,20422.09
2023-11-24 13:00:00,19705.0,20261.959
2023-11-24 14:00:00,19947.0,20399.088
2023-11-24 15:00:00,20637.0,20764.42
2023-11-24 16:00:00,21507.0,21333.906
2023-11-24 17:00:00,21517.0,22375.412
2023-11-24 18:00:00,21289.0,21364.578
2023-11-24 19:00:00,20390.0,20864.16
2023-11-24 20:00:00,19933.0,20089.29
2023-11-24 21:00:00,19570.0,19926.777
2023-11-24 22:00:00,19258.0,19947.742
2023-11-24 23:00:00,19690.0,19984.152
2023-11-25 00:00:00,20577.0,20405.104
2023-11-25 01:00:00,21777.0,21575.56
2023-11-25 02:00:00,23796.0,23602.89
2023-11-25 03:00:00,25334.0,25463.785
2023-11-25 04:00:00,25244.0,26165.89
2023-11-25 05:00:00,24863.0,25369.496
2023-11-25 06:00:00,24543.0,24219.412
2023-11-25 07:00:00,24219.0,23445.092
2023-11-25 08:00:00,23109.0,23085.602
2023-11-25 09:00:00,21984.0,22208.56
2023-11-25 10:00:00,21334.0,21348.89
2023-11-25 11:00:00,20588.0,20673.303
2023-11-25 12:00:00,19952.0,20257.771
2023-11-25 13:00:00,19794.0,19938.994
2023-11-25 14:00:00,19862.0,20067.441
2023-11-25 15:00:00,20382.0,20160.623
2023-11-25 16:00:00,21045.0,20693.836
2023-11-25 17:00:00,21086.0,21008.553
2023-11-25 18:00:00,20864.0,20471.533
2023-11-25 19:00:00,20423.0,19929.162
2023-11-25 20:00:00,19954.0,19490.266
2023-11-25 21:00:00,19344.0,19285.424
2023-11-25 22:00:00,19699.0,19331.41
2023-11-25 23:00:00,19982.0,19598.928
2023-11-26 00:00:00,20341.0,20273.076
2023-11-26 01:00:00,20953.0,21449.566
2023-11-26 02:00:00,23441.0,22929.297
2023-11-26 03:00:00,25086.0,25713.35
2023-11-26 04:00:00,25236.0,26210.592
2023-11-26 05:00:00,24940.0,25394.049
2023-11-26 06:00:00,24610.0,24388.494
2023-11-26 07:00:00,24175.0,23862.799
2023-11-26 08:00:00,23265.0,23142.633
2023-11-26 09:00:00,22167.0,22537.092
2023-11-26 10:00:00,21516.0,21540.316
2023-11-26 11:00:00,20891.0,20931.814
2023-11-26 12:00:00,20416.0,20413.99
2023-11-26 13:00:00,20239.0,20273.104
2023-11-26 14:00:00,20197.0,20249.387
2023-11-26 15:00:00,20422.0,20368.611
2023-11-26 16:00:00,20979.0,20607.285
2023-11-26 17:00:00,21279.0,20757.33
2023-11-26 18:00:00,21683.0,20590.822
2023-11-26 19:00:00,21002.0,20707.08
2023-11-26 20:00:00,20729.0,19875.006
2023-11-26 21:00:00,20297.0,20099.883
2023-11-26 22:00:00,20046.0,19839.154
2023-11-26 23:00:00,19964.0,19847.348
2023-11-27 00:00:00,20564.0,20252.64
2023-11-27 01:00:00,21933.0,21269.443
2023-11-27 02:00:00,23997.0,24250.787
2023-11-27 03:00:00,25980.0,26265.02
2023-11-27 04:00:00,26016.0,27065.273
2023-11-27 05:00:00,25794.0,26177.49
2023-11-27 06:00:00,25379.0,25298.258
2023-11-27 07:00:00,24735.0,24308.383
2023-11-27 08:00:00,23507.0,23559.957
2023-11-27 09:00:00,22298.0,22647.17
2023-11-27 10:00:00,21676.0,21698.72
2023-11-27 11:00:00,21409.0,21230.65
2023-11-27 12:00:00,21222.0,21336.104
2023-11-27 13:00:00,21221.0,21422.865
2023-11-27 14:00:00,21472.0,21976.742
2023-11-27 15:00:00,22915.0,22650.531
2023-11-27 16:00:00,25102.0,24110.63
2023-11-27 17:00:00,26034.0,25082.27
2023-11-27 18:00:00,25183.0,25246.637
2023-11-27 19:00:00,24335.0,24421.197
2023-11-27 20:00:00,23689.0,23810.045
2023-11-27 21:00:00,23862.0,23374.523
2023-11-27 22:00:00,24261.0,23754.2
2023-11-27 23:00:00,24483.0,24264.65
2023-11-28 00:00:00,24729.0,24533.031
2023-11-28 01:00:00,24976.0,25422.346
2023-11-28 02:00:00,26660.0,26397.002
2023-11-28 03:00:00,28407.0,28123.723
2023-11-28 04:00:00,28253.0,28832.863
2023-11-28 05:00:00,27830.0,28200.549
2023-11-28 06:00:00,27227.0,27276.846
2023-11-28 07:00:00,26341.0,25886.139
2023-11-28 08:00:00,25126.0,25082.033
2023-11-28 09:00:00,23715.0,24053.303
2023-11-28 10:00:00,23137.0,23081.828
2023-11-28 11:00:00,22383.0,22770.637
2023-11-28 12:00:00,22016.0,22210.316
2023-11-28 13:00:00,21793.0,21975.36
2023-11-28 14:00:00,22137.0,22524.363
2023-11-28 15:00:00,23542.0,23290.021
2023-11-28 16:00:00,25702.0,25015.547
2023-11-28 17:00:00,26557.0,26013.533
2023-11-28 18:00:00,25606.0,25850.166
2023-11-28 19:00:00,24768.0,25141.066
2023-11-28 20:00:00,24288.0,24393.729
2023-11-28 21:00:00,23484.0,24046.592
2023-11-28 22:00:00,23510.0,23493.781
2023-11-28 23:00:00,23820.0,23637.77
2023-11-29 00:00:00,24007.0,24165.562
2023-11-29 01:00:00,24773.0,25186.154
2023-11-29 02:00:00,26576.0,26645.46
2023-11-29 03:00:00,28305.0,28362.785
2023-11-29 04:00:00,28241.0,28883.21
2023-11-29 05:00:00,27760.0,28186.125
2023-11-29 06:00:00,27123.0,27312.04
2023-11-29 07:00:00,26423.0,26196.787
2023-11-29 08:00:00,25115.0,25079.977
2023-11-29 09:00:00,23784.0,24042.277
2023-11-29 10:00:00,22943.0,23186.887
2023-11-29 11:00:00,22339.0,22638.307
2023-11-29 12:00:00,21829.0,22091.793
2023-11-29 13:00:00,21611.0,21866.213
2023-11-29 14:00:00,21867.0,22300.568
2023-11-29 15:00:00,23110.0,23663.922
2023-11-29 16:00:00,25142.0,24828.588
2023-11-29 17:00:00,26405.0,25986.809
2023-11-29 18:00:00,26615.0,25889.512
2023-11-29 19:00:00,26257.0,25781.584
2023-11-29 20:00:00,26045.0,25739.264
2023-11-29 21:00:00,25754.0,25736.17
2023-11-29 22:00:00,25767.0,25851.293
2023-11-29 23:00:00,25608.0,25974.281
2023-11-30 00:00:00,25041.0,25989.92
2023-11-30 01:00:00,25071.0,25745.336
2023-11-30 02:00:00,26798.0,26923.076
2023-11-30 03:00:00,28470.0,28397.182
2023-11-30 04:00:00,28250.0,28869.406
2023-11-30 05:00:00,27716.0,28174.443
2023-11-30 06:00:00,27107.0,27247.805
2023-11-30 07:00:00,26322.0,26114.088
2023-11-30 08:00:00,25044.0,24992.74
2023-11-30 09:00:00,23527.0,24058.729
2023-11-30 10:00:00,23147.0,23023.242
2023-11-30 11:00:00,22645.0,22744.994
2023-11-30 12:00:00,22476.0,22442.2
2023-11-30 13:00:00,21907.0,22428.61
2023-11-30 14:00:00,22031.0,22582.693
2023-11-30 15:00:00,23115.0,23002.555
2023-11-30 16:00:00,25042.0,24537.898
2023-11-30 17:00:00,26331.0,25727.86
2023-11-30 18:00:00,26158.0,26183.023
2023-11-30 19:00:00,25533.0,25309.412
2023-11-30 20:00:00,25613.0,25235.822
2023-11-30 21:00:00,25806.0,25413.95
2023-11-30 22:00:00,26137.0,25739.152
2023-11-30 23:00:00,26079.0,26190.873
2023-12-01 00:00:00,25466.0,26317.37
2023-12-01 01:00:00,25722.0,26131.03
2023-12-01 02:00:00,27021.0,27172.77
2023-12-01 03:00:00,28490.0,28451.404
2023-12-01 04:00:00,28344.0,28629.291
2023-12-01 05:00:00,28011.0,27928.354
2023-12-01 06:00:00,27310.0,27221.338
2023-12-01 07:00:00,26485.0,26206.22
2023-12-01 08:00:00,25303.0,25121.291
2023-12-01 09:00:00,23832.0,24061.18
2023-12-01 10:00:00,22740.0,23109.197
2023-12-01 11:00:00,22529.0,22426.969
2023-12-01 12:00:00,21995.0,22318.541
2023-12-01 13:00:00,22016.0,21984.254
2023-12-01 14:00:00,21752.0,22497.51
2023-12-01 15:00:00,22768.0,22404.434
2023-12-01 16:00:00,24794.0,23907.598
2023-12-01 17:00:00,25685.0,25514.906
2023-12-01 18:00:00,26195.0,25425.49
2023-12-01 19:00:00,25228.0,25177.756
2023-12-01 20:00:00,24983.0,24655.766
2023-12-01 21:00:00,24495.0,24735.74
2023-12-01 22:00:00,24651.0,24544.357
2023-12-01 23:00:00,24642.0,24962.965
2023-12-02 00:00:00,24472.0,24564.344
2023-12-02 01:00:00,24925.0,25015.035
2023-12-02 02:00:00,26147.0,25963.324
2023-12-02 03:00:00,27590.0,27122.99
2023-12-02 04:00:00,27318.0,27994.346
2023-12-02 05:00:00,26804.0,27112.88
2023-12-02 06:00:00,26309.0,26331.158
2023-12-02 07:00:00,25793.0,25221.53
2023-12-02 08:00:00,24736.0,24496.088
2023-12-02 09:00:00,23493.0,23652.39
2023-12-02 10:00:00,22660.0,22533.643
2023-12-02 11:00:00,21976.0,22055.393
2023-12-02 12:00:00,21346.0,21421.338
2023-12-02 13:00:00,20997.0,21233.312
2023-12-02 14:00:00,20971.0,21065.043
2023-12-02 15:00:00,21490.0,21249.092
2023-12-02 16:00:00,22388.0,21918.291
2023-12-02 17:00:00,22608.0,22474.715
2023-12-02 18:00:00,22811.0,22532.182
2023-12-02 19:00:00,23045.0,22312.898
2023-12-02 20:00:00,23045.0,22484.443
2023-12-02 21:00:00,21284.0,22865.709
2023-12-02 22:00:00,20984.0,21304.42
2023-12-02 23:00:00,21120.0,21195.912
2023-12-03 00:00:00,21019.0,21412.03
2023-12-03 01:00:00,22460.0,21897.594
2023-12-03 02:00:00,24207.0,24047.174
2023-12-03 03:00:00,25845.0,25768.926
2023-12-03 04:00:00,25791.0,26672.3
2023-12-03 05:00:00,25208.0,25872.656
2023-12-03 06:00:00,24725.0,25070.744
2023-12-03 07:00:00,24436.0,24268.441
2023-12-03 08:00:00,23856.0,23558.783
2023-12-03 09:00:00,22777.0,22751.658
2023-12-03 10:00:00,21821.0,22013.154
2023-12-03 11:00:00,21160.0,21248.135
2023-12-03 12:00:00,20485.0,20724.191
2023-12-03 13:00:00,20334.0,20322.93
2023-12-03 14:00:00,20330.0,20308.742
2023-12-03 15:00:00,20641.0,20510.701
2023-12-03 16:00:00,21275.0,20935.95
2023-12-03 17:00:00,21462.0,21431.285
2023-12-03 18:00:00,21175.0,21250.453
2023-12-03 19:00:00,20521.0,20437.482
2023-12-03 20:00:00,20521.0,20141.676
2023-12-03 21:00:00,20350.0,20234.756
2023-12-03 22:00:00,20910.0,20218.398
2023-12-03 23:00:00,21671.0,20943.152
2023-12-04 00:00:00,22350.0,21787.05
2023-12-04 01:00:00,22598.0,22549.031
2023-12-04 02:00:00,23992.0,24250.385
2023-12-04 03:00:00,26095.0,25745.664
2023-12-04 04:00:00,26012.0,26551.83
2023-12-04 05:00:00,25682.0,25662.807
2023-12-04 06:00:00,25212.0,24645.254
2023-12-04 07:00:00,24471.0,23984.959
2023-12-04 08:00:00,23814.0,23250.178
2023-12-04 09:00:00,21778.0,22612.139
2023-12-04 10:00:00,21468.0,21241.148
2023-12-04 11:00:00,21261.0,20944.67
2023-12-04 12:00:00,21397.0,20917.764
2023-12-04 13:00:00,21039.0,21248.166
2023-12-04 14:00:00,20702.0,21473.885
2023-12-04 15:00:00,21671.0,21857.133
2023-12-04 16:00:00,23742.0,23118.88
2023-12-04 17:00:00,25160.0,24584.143
2023-12-04 18:00:00,25469.0,24897.162
2023-12-04 19:00:00,24781.0,24826.52
2023-12-04 20:00:00,24185.0,24398.176
2023-12-04 21:00:00,23733.0,24038.428
2023-12-04 22:00:00,23823.0,23721.748
2023-12-04 23:00:00,24223.0,24118.297
2023-12-05 00:00:00,23939.0,24624.887
2023-12-05 01:00:00,24117.0,24853.062
2023-12-05 02:00:00,25750.0,25653.617
2023-12-05 03:00:00,27635.0,27538.818
2023-12-05 04:00:00,27425.0,27830.371
2023-12-05 05:00:00,26927.0,27053.18
2023-12-05 06:00:00,26238.0,26147.592
2023-12-05 07:00:00,25355.0,25089.623
2023-12-05 08:00:00,23822.0,23971.137
2023-12-05 09:00:00,22287.0,22860.447
2023-12-05 10:00:00,22147.0,22124.168
2023-12-05 11:00:00,22299.0,21775.707
2023-12-05 12:00:00,21984.0,21918.102
2023-12-05 13:00:00,21626.0,21830.473
2023-12-05 14:00:00,21650.0,22183.934
2023-12-05 15:00:00,22395.0,22725.197
2023-12-05 16:00:00,24508.0,24363.518
2023-12-05 17:00:00,25608.0,25472.41
2023-12-05 18:00:00,25273.0,25185.39
2023-12-05 19:00:00,24144.0,24467.78
2023-12-05 20:00:00,23771.0,23820.752
2023-12-05 21:00:00,23016.0,23379.867
2023-12-05 22:00:00,23057.0,23077.912
2023-12-05 23:00:00,23677.0,23250.55
2023-12-06 00:00:00,24354.0,24199.496
2023-12-06 01:00:00,24184.0,25124.535
2023-12-06 02:00:00,26156.0,26093.682
2023-12-06 03:00:00,27679.0,27678.084
2023-12-06 04:00:00,27451.0,28226.834
2023-12-06 05:00:00,26814.0,27142.607
2023-12-06 06:00:00,26179.0,26284.908
2023-12-06 07:00:00,25404.0,25023.0
2023-12-06 08:00:00,23879.0,24024.625
2023-12-06 09:00:00,22630.0,23144.373
2023-12-06 10:00:00,22134.0,22291.742
2023-12-06 11:00:00,21806.0,21849.275
2023-12-06 12:00:00,21422.0,21644.707
2023-12-06 13:00:00,21309.0,21508.525
2023-12-06 14:00:00,21360.0,22102.66
2023-12-06 15:00:00,22292.0,22701.607
2023-12-06 16:00:00,24271.0,24336.5
2023-12-06 17:00:00,25392.0,25705.91
2023-12-06 18:00:00,25417.0,25280.521
2023-12-06 19:00:00,25631.0,24766.428
2023-12-06 20:00:00,25131.0,25206.965
2023-12-06 21:00:00,25038.0,24850.152
2023-12-06 22:00:00,25281.0,24855.639
2023-12-06 23:00:00,25842.0,25550.04
2023-12-07 00:00:00,25325.0,26176.768
2023-12-07 01:00:00,25248.0,25605.492
2023-12-07 02:00:00,26610.0,26676.105
2023-12-07 03:00:00,27650.0,28078.65
2023-12-07 04:00:00,27830.0,28067.316
2023-12-07 05:00:00,27471.0,27360.834
2023-12-07 06:00:00,26422.0,26460.613
2023-12-07 07:00:00,25532.0,25283.785
2023-12-07 08:00:00,23971.0,24073.648
2023-12-07 09:00:00,22777.0,23146.24
2023-12-07 10:00:00,22283.0,22466.639
2023-12-07 11:00:00,21714.0,22007.807
2023-12-07 12:00:00,21180.0,21674.45
2023-12-07 13:00:00,21385.0,21458.45
2023-12-07 14:00:00,21278.0,22026.268
2023-12-07 15:00:00,22210.0,22699.033
2023-12-07 16:00:00,24249.0,24207.455
2023-12-07 17:00:00,25303.0,25533.32
2023-12-07 18:00:00,25945.0,25137.145
2023-12-07 19:00:00,25103.0,25184.19
2023-12-07 20:00:00,24566.0,24706.457
2023-12-07 21:00:00,23656.0,24523.26
2023-12-07 22:00:00,23579.0,23861.582
2023-12-07 23:00:00,23797.0,23952.623
2023-12-08 00:00:00,24197.0,24367.75
2023-12-08 01:00:00,24544.0,25387.652
2023-12-08 02:00:00,26012.0,26116.455
2023-12-08 03:00:00,27771.0,27386.955
2023-12-08 04:00:00,27628.0,28114.537
2023-12-08 05:00:00,27213.0,27309.945
2023-12-08 06:00:00,26604.0,26448.262
2023-12-08 07:00:00,25840.0,25371.432
2023-12-08 08:00:00,24407.0,24535.377
2023-12-08 09:00:00,22876.0,23471.562
2023-12-08 10:00:00,22353.0,22339.8
2023-12-08 11:00:00,22099.0,21930.543
2023-12-08 12:00:00,21796.0,21831.236
2023-12-08 13:00:00,21706.0,21834.24
2023-12-08 14:00:00,21864.0,22035.885
2023-12-08 15:00:00,22641.0,22619.143
2023-12-08 16:00:00,24654.0,24386.9
2023-12-08 17:00:00,25895.0,25552.799
2023-12-08 18:00:00,26539.0,25552.479
2023-12-08 19:00:00,25851.0,25721.986
2023-12-08 20:00:00,24826.0,25329.275
2023-12-08 21:00:00,23567.0,24378.773
2023-12-08 22:00:00,23202.0,23331.896
2023-12-08 23:00:00,22941.0,23286.455
2023-12-09 00:00:00,23110.0,23526.318
2023-12-09 01:00:00,24001.0,24166.105
2023-12-09 02:00:00,25493.0,25935.955
2023-12-09 03:00:00,27348.0,27414.61
2023-12-09 04:00:00,27240.0,27705.71
2023-12-09 05:00:00,26805.0,26910.287
2023-12-09 06:00:00,26452.0,26310.254
2023-12-09 07:00:00,25773.0,25376.086
2023-12-09 08:00:00,24647.0,24564.004
2023-12-09 09:00:00,23252.0,23505.307
2023-12-09 10:00:00,22566.0,22543.533
2023-12-09 11:00:00,21540.0,22228.06
2023-12-09 12:00:00,20878.0,21276.69
2023-12-09 13:00:00,20792.0,21080.488
2023-12-09 14:00:00,20621.0,21241.504
2023-12-09 15:00:00,21467.0,21202.867
2023-12-09 16:00:00,22400.0,22031.629
2023-12-09 17:00:00,22836.0,22708.32
2023-12-09 18:00:00,23211.0,22602.262
2023-12-09 19:00:00,22324.0,22659.494
2023-12-09 20:00:00,21189.0,21795.557
2023-12-09 21:00:00,20749.0,20597.762
2023-12-09 22:00:00,20386.0,20439.43
2023-12-09 23:00:00,20560.0,20329.723
2023-12-10 00:00:00,20923.0,21008.848
2023-12-10 01:00:00,21628.0,21724.713
2023-12-10 02:00:00,23763.0,23644.172
2023-12-10 03:00:00,25740.0,25572.453
2023-12-10 04:00:00,25733.0,26420.639
2023-12-10 05:00:00,25464.0,25646.814
2023-12-10 06:00:00,25213.0,25143.309
2023-12-10 07:00:00,25025.0,24617.307
2023-12-10 08:00:00,23996.0,24065.34
2023-12-10 09:00:00,22815.0,22864.533
2023-12-10 10:00:00,22760.0,22141.828
2023-12-10 11:00:00,22121.0,22130.457
2023-12-10 12:00:00,21673.0,21431.82
2023-12-10 13:00:00,21268.0,21207.26
2023-12-10 14:00:00,21426.0,20989.361
2023-12-10 15:00:00,21748.0,21412.736
2023-12-10 16:00:00,22541.0,21581.623
2023-12-10 17:00:00,22844.0,22350.797
2023-12-10 18:00:00,23325.0,22329.77
2023-12-10 19:00:00,22264.0,22599.736
2023-12-10 20:00:00,21807.0,21599.13
2023-12-10 21:00:00,21519.0,21037.865
2023-12-10 22:00:00,21858.0,20976.7
2023-12-10 23:00:00,21817.0,21796.39
2023-12-11 00:00:00,22151.0,22002.465
2023-12-11 01:00:00,22326.0,22472.12
2023-12-11 02:00:00,24389.0,24275.895
2023-12-11 03:00:00,26690.0,26620.531
2023-12-11 04:00:00,26872.0,27455.688
2023-12-11 05:00:00,26577.0,26883.588
2023-12-11 06:00:00,26189.0,25793.473
2023-12-11 07:00:00,25543.0,24946.914
2023-12-11 08:00:00,24160.0,24122.135
2023-12-11 09:00:00,22889.0,23208.137
2023-12-11 10:00:00,22093.0,22265.273
2023-12-11 11:00:00,22119.0,21649.379
2023-12-11 12:00:00,21846.0,21652.322
2023-12-11 13:00:00,21422.0,21796.44
2023-12-11 14:00:00,21540.0,21982.45
2023-12-11 15:00:00,22963.0,22602.658
2023-12-11 16:00:00,25368.0,24184.855
2023-12-11 17:00:00,26784.0,25501.012
2023-12-11 18:00:00,26628.0,26467.727
2023-12-11 19:00:00,26285.0,26028.357
2023-12-11 20:00:00,25810.0,26072.05
2023-12-11 21:00:00,25443.0,25790.086
2023-12-11 22:00:00,25074.0,25321.7
2023-12-11 23:00:00,24697.0,25378.164
2023-12-12 00:00:00,24284.0,24896.941
2023-12-12 01:00:00,24459.0,25032.096
2023-12-12 02:00:00,26789.0,25921.156
2023-12-12 03:00:00,28706.0,28231.2
2023-12-12 04:00:00,28600.0,28956.605
2023-12-12 05:00:00,28154.0,28246.459
2023-12-12 06:00:00,27538.0,27215.88
2023-12-12 07:00:00,26798.0,26280.88
2023-12-12 08:00:00,25210.0,25451.555
2023-12-12 09:00:00,23658.0,24123.186
2023-12-12 10:00:00,23008.0,22967.035
2023-12-12 11:00:00,22675.0,22437.314
2023-12-12 12:00:00,22363.0,22334.61
2023-12-12 13:00:00,21723.0,22172.762
2023-12-12 14:00:00,22190.0,22407.348
2023-12-12 15:00:00,23509.0,23276.572
2023-12-12 16:00:00,24648.0,25018.86
2023-12-12 17:00:00,27179.0,25942.477
2023-12-12 18:00:00,26899.0,26633.281
2023-12-12 19:00:00,26059.0,26112.68
2023-12-12 20:00:00,25124.0,25657.66
2023-12-12 21:00:00,24471.0,25149.908
2023-12-12 22:00:00,24448.0,24782.023
2023-12-12 23:00:00,24552.0,24626.504
2023-12-13 00:00:00,24757.0,24340.662
2023-12-13 01:00:00,24844.0,25199.605
2023-12-13 02:00:00,26728.0,26625.379
2023-12-13 03:00:00,28661.0,28234.25
2023-12-13 04:00:00,28644.0,28952.008
2023-12-13 05:00:00,28353.0,28268.885
2023-12-13 06:00:00,28012.0,27589.318
2023-12-13 07:00:00,26987.0,26633.137
2023-12-13 08:00:00,26147.0,25546.756
2023-12-13 09:00:00,24516.0,24854.492
2023-12-13 10:00:00,23201.0,23601.559
2023-12-13 11:00:00,22638.0,22677.33
2023-12-13 12:00:00,22495.0,22292.572
2023-12-13 13:00:00,22181.0,22365.125
2023-12-13 14:00:00,22364.0,22524.713
2023-12-13 15:00:00,23704.0,23631.615
2023-12-13 16:00:00,24667.0,24756.23
2023-12-13 17:00:00,26987.0,25840.41
2023-12-13 18:00:00,26667.0,26533.111
2023-12-13 19:00:00,25132.0,26080.268
2023-12-13 20:00:00,24861.0,24855.717
2023-12-13 21:00:00,24063.0,24676.385
2023-12-13 22:00:00,24224.0,24099.146
2023-12-13 23:00:00,24718.0,24656.922
2023-12-14 00:00:00,24853.0,24888.951
2023-12-14 01:00:00,25385.0,25463.324
2023-12-14 02:00:00,26882.0,26969.37
2023-12-14 03:00:00,28922.0,28567.012
2023-12-14 04:00:00,28798.0,29134.334
2023-12-14 05:00:00,28497.0,28269.277
2023-12-14 06:00:00,27808.0,27631.611
2023-12-14 07:00:00,27085.0,26693.988
2023-12-14 08:00:00,26272.0,25875.223
2023-12-14 09:00:00,23993.0,25006.77
2023-12-14 10:00:00,23323.0,23258.225
2023-12-14 11:00:00,22755.0,22841.906
2023-12-14 12:00:00,22196.0,22485.523
2023-12-14 13:00:00,21971.0,22132.85
2023-12-14 14:00:00,22074.0,22438.701
2023-12-14 15:00:00,23739.0,23525.738
2023-12-14 16:00:00,26041.0,24806.82
2023-12-14 17:00:00,27256.0,26705.33
2023-12-14 18:00:00,26980.0,26556.803
2023-12-14 19:00:00,26276.0,25904.922
2023-12-14 20:00:00,26032.0,25420.613
2023-12-14 21:00:00,25519.0,25281.816
2023-12-14 22:00:00,25276.0,25097.174
2023-12-14 23:00:00,25172.0,25000.72
2023-12-15 00:00:00,24451.0,25131.041
2023-12-15 01:00:00,25061.0,25229.107
2023-12-15 02:00:00,26848.0,26550.557
2023-12-15 03:00:00,28747.0,28182.787
2023-12-15 04:00:00,28582.0,28860.113
2023-12-15 05:00:00,28274.0,28085.91
2023-12-15 06:00:00,27687.0,27570.277
2023-12-15 07:00:00,26948.0,26757.66
2023-12-15 08:00:00,25595.0,25776.422
2023-12-15 09:00:00,24110.0,24338.895
2023-12-15 10:00:00,23442.0,23302.338
2023-12-15 11:00:00,22718.0,22875.71
2023-12-15 12:00:00,22499.0,22349.469
2023-12-15 13:00:00,22286.0,22473.27
2023-12-15 14:00:00,22300.0,22557.928
2023-12-15 15:00:00,23435.0,23547.879
2023-12-15 16:00:00,25560.0,24958.602
2023-12-15 17:00:00,26798.0,26310.863
2023-12-15 18:00:00,26849.0,26457.492
2023-12-15 19:00:00,26832.0,25982.46
2023-12-15 20:00:00,26293.0,26035.902
2023-12-15 21:00:00,24943.0,25718.135
2023-12-15 22:00:00,24590.0,24697.807
2023-12-15 23:00:00,24025.0,24897.494
2023-12-16 00:00:00,23714.0,24187.049
2023-12-16 01:00:00,24718.0,24594.135
2023-12-16 02:00:00,26484.0,25974.15
2023-12-16 03:00:00,28110.0,27721.402
2023-12-16 04:00:00,27761.0,28078.895
2023-12-16 05:00:00,27232.0,27675.633
2023-12-16 06:00:00,26732.0,26766.332
2023-12-16 07:00:00,26171.0,25663.324
2023-12-16 08:00:00,25138.0,25017.445
2023-12-16 09:00:00,23800.0,23948.62
2023-12-16 10:00:00,22894.0,23053.805
2023-12-16 11:00:00,22145.0,22298.871
2023-12-16 12:00:00,21676.0,21648.986
2023-12-16 13:00:00,21562.0,21456.127
2023-12-16 14:00:00,21520.0,21438.535
2023-12-16 15:00:00,22130.0,21791.59
2023-12-16 16:00:00,23147.0,22787.03
2023-12-16 17:00:00,23955.0,23582.764
2023-12-16 18:00:00,23606.0,24065.78
2023-12-16 19:00:00,22745.0,22857.81
2023-12-16 20:00:00,22936.0,22170.525
2023-12-16 21:00:00,22318.0,22315.094
2023-12-16 22:00:00,21855.0,21878.924
2023-12-16 23:00:00,21946.0,21840.803
2023-12-17 00:00:00,22432.0,22342.787
2023-12-17 01:00:00,23167.0,23020.578
2023-12-17 02:00:00,25046.0,24442.998
2023-12-17 03:00:00,26217.0,26307.96
2023-12-17 04:00:00,26405.0,26963.914
2023-12-17 05:00:00,26014.0,26350.066
2023-12-17 06:00:00,25662.0,25676.33
2023-12-17 07:00:00,25236.0,24967.684
2023-12-17 08:00:00,24275.0,24240.514
2023-12-17 09:00:00,23119.0,23254.5
2023-12-17 10:00:00,22441.0,22205.238
2023-12-17 11:00:00,21979.0,21923.584
2023-12-17 12:00:00,21201.0,21408.432
2023-12-17 13:00:00,20916.0,21039.527
2023-12-17 14:00:00,20906.0,20742.584
2023-12-17 15:00:00,21113.0,21066.502
2023-12-17 16:00:00,21632.0,21540.729
2023-12-17 17:00:00,22023.0,21920.29
2023-12-17 18:00:00,23290.0,21874.377
2023-12-17 19:00:00,23462.0,22412.092
2023-12-17 20:00:00,23986.0,22606.816
2023-12-17 21:00:00,24010.0,23295.078
2023-12-17 22:00:00,24001.0,23444.379
2023-12-17 23:00:00,23904.0,23640.697
2023-12-18 00:00:00,23925.0,24130.102
2023-12-18 01:00:00,24430.0,24451.92
2023-12-18 02:00:00,25286.0,25482.508
2023-12-18 03:00:00,26830.0,26663.6
2023-12-18 04:00:00,26688.0,27424.494
2023-12-18 05:00:00,26350.0,26379.566
2023-12-18 06:00:00,25826.0,25608.336
2023-12-18 07:00:00,25154.0,24635.514
2023-12-18 08:00:00,24469.0,23866.219
2023-12-18 09:00:00,22413.0,23291.67
2023-12-18 10:00:00,22287.0,21910.465
2023-12-18 11:00:00,21753.0,21694.518
2023-12-18 12:00:00,21474.0,21414.76
2023-12-18 13:00:00,21529.0,21391.746
2023-12-18 14:00:00,21614.0,22032.846
2023-12-18 15:00:00,22640.0,22647.307
2023-12-18 16:00:00,24492.0,24062.238
2023-12-18 17:00:00,26155.0,25297.795
2023-12-18 18:00:00,26777.0,25854.514
2023-12-18 19:00:00,27004.0,26282.344
2023-12-18 20:00:00,27343.0,26452.205
2023-12-18 21:00:00,27387.0,26881.168
2023-12-18 22:00:00,27094.0,27373.377
2023-12-18 23:00:00,26437.0,27258.637
2023-12-19 00:00:00,26231.0,26812.625
2023-12-19 01:00:00,26626.0,26816.805
2023-12-19 02:00:00,27597.0,27510.307
2023-12-19 03:00:00,28607.0,28168.605
2023-12-19 04:00:00,28479.0,28597.81
2023-12-19 05:00:00,27723.0,27681.717
2023-12-19 06:00:00,27089.0,26719.672
2023-12-19 07:00:00,26251.0,25597.188
2023-12-19 08:00:00,24768.0,24682.586
2023-12-19 09:00:00,23483.0,23685.607
2023-12-19 10:00:00,22911.0,22741.42
2023-12-19 11:00:00,22531.0,22446.102
2023-12-19 12:00:00,22024.0,22253.15
2023-12-19 13:00:00,21832.0,21959.373
2023-12-19 14:00:00,21708.0,22543.49
2023-12-19 15:00:00,22840.0,23253.383
2023-12-19 16:00:00,24130.0,24693.674
2023-12-19 17:00:00,25242.0,25909.717
2023-12-19 18:00:00,25974.0,25814.15
2023-12-19 19:00:00,26572.0,26213.96
2023-12-19 20:00:00,26826.0,26730.545
2023-12-19 21:00:00,26173.0,26952.91
2023-12-19 22:00:00,25503.0,26683.424
2023-12-19 23:00:00,26086.0,26138.629
2023-12-20 00:00:00,26190.0,26652.299
2023-12-20 01:00:00,26063.0,27079.08
2023-12-20 02:00:00,26979.0,27363.36
2023-12-20 03:00:00,28357.0,28394.367
2023-12-20 04:00:00,27966.0,28527.908
2023-12-20 05:00:00,27409.0,27353.447
2023-12-20 06:00:00,26706.0,26731.092
2023-12-20 07:00:00,25922.0,25464.242
2023-12-20 08:00:00,24474.0,24513.227
2023-12-20 09:00:00,23082.0,23369.281
2023-12-20 10:00:00,22167.0,22457.19
2023-12-20 11:00:00,21828.0,21949.863
2023-12-20 12:00:00,21258.0,21778.258
2023-12-20 13:00:00,21249.0,21778.615
2023-12-20 14:00:00,21151.0,22281.918
2023-12-20 15:00:00,22168.0,22875.975
2023-12-20 16:00:00,24117.0,24181.61
2023-12-20 17:00:00,25464.0,25356.252
2023-12-20 18:00:00,26443.0,25526.04
2023-12-20 19:00:00,27140.0,26096.04
2023-12-20 20:00:00,27108.0,26601.51
2023-12-20 21:00:00,26827.0,26697.838
2023-12-20 22:00:00,26651.0,26663.775
2023-12-20 23:00:00,27227.0,26451.838
2023-12-21 00:00:00,27242.0,27319.926
2023-12-21 01:00:00,26947.0,27500.559
2023-12-21 02:00:00,27740.0,27758.79
2023-12-21 03:00:00,28882.0,28547.559
2023-12-21 04:00:00,28466.0,28583.3
2023-12-21 05:00:00,27955.0,27804.912
2023-12-21 06:00:00,27380.0,26927.34
2023-12-21 07:00:00,26453.0,25941.559
2023-12-21 08:00:00,25003.0,25001.666
2023-12-21 09:00:00,23873.0,23837.838
2023-12-21 10:00:00,23077.0,22999.684
2023-12-21 11:00:00,22400.0,22432.635
2023-12-21 12:00:00,21791.0,22142.9
2023-12-21 13:00:00,21565.0,21881.684
2023-12-21 14:00:00,21267.0,22303.277
2023-12-21 15:00:00,22372.0,22807.451
2023-12-21 16:00:00,23698.0,24277.72
2023-12-21 17:00:00,24845.0,25054.664
2023-12-21 18:00:00,25663.0,24950.875
2023-12-21 19:00:00,26100.0,26087.9
2023-12-21 20:00:00,26240.0,26326.777
2023-12-21 21:00:00,25661.0,26136.326
2023-12-21 22:00:00,25346.0,26080.59
2023-12-21 23:00:00,25125.0,25760.834
2023-12-22 00:00:00,25164.0,25682.39
2023-12-22 01:00:00,25469.0,26035.215
2023-12-22 02:00:00,26713.0,26563.041
2023-12-22 03:00:00,27909.0,27723.82
2023-12-22 04:00:00,27550.0,28126.07
2023-12-22 05:00:00,27080.0,27278.889
2023-12-22 06:00:00,26589.0,26574.498
2023-12-22 07:00:00,25960.0,25458.842
2023-12-22 08:00:00,24562.0,24554.936
2023-12-22 09:00:00,23737.0,23598.158
2023-12-22 10:00:00,22290.0,22955.67
2023-12-22 11:00:00,21504.0,21958.588
2023-12-22 12:00:00,21162.0,21431.285
2023-12-22 13:00:00,21056.0,21361.266
2023-12-22 14:00:00,21382.0,21605.018
2023-12-22 15:00:00,22338.0,22604.326
2023-12-22 16:00:00,23674.0,24181.223
2023-12-22 17:00:00,24577.0,24539.98
2023-12-22 18:00:00,24812.0,24588.918
2023-12-22 19:00:00,24893.0,24622.326
2023-12-22 20:00:00,24519.0,25005.54
2023-12-22 21:00:00,24342.0,24543.787
2023-12-22 22:00:00,23565.0,24473.162
2023-12-22 23:00:00,23359.0,23637.547
2023-12-23 00:00:00,23874.0,23566.385
2023-12-23 01:00:00,24389.0,24888.111
2023-12-23 02:00:00,25892.0,25665.412
2023-12-23 03:00:00,27466.0,26990.414
2023-12-23 04:00:00,27360.0,27435.76
2023-12-23 05:00:00,26982.0,26840.502
2023-12-23 06:00:00,26411.0,26108.086
2023-12-23 07:00:00,25646.0,25110.092
2023-12-23 08:00:00,24622.0,24268.705
2023-12-23 09:00:00,23614.0,23562.213
2023-12-23 10:00:00,22200.0,22605.982
2023-12-23 11:00:00,21310.0,21740.549
2023-12-23 12:00:00,20843.0,20989.07
2023-12-23 13:00:00,20513.0,20778.871
2023-12-23 14:00:00,20645.0,20698.67
2023-12-23 15:00:00,20676.0,21325.277
2023-12-23 16:00:00,21282.0,21533.94
2023-12-23 17:00:00,22100.0,22016.635
2023-12-23 18:00:00,22022.0,22237.367
2023-12-23 19:00:00,21462.0,21771.105
2023-12-23 20:00:00,21199.0,21168.887
2023-12-23 21:00:00,20694.0,21037.285
2023-12-23 22:00:00,20892.0,20754.703
2023-12-23 23:00:00,21419.0,20931.12
2023-12-24 00:00:00,22241.0,21895.43
2023-12-24 01:00:00,22324.0,23040.5
2023-12-24 02:00:00,23991.0,23893.432
2023-12-24 03:00:00,25889.0,25678.486
2023-12-24 04:00:00,25968.0,26509.617
2023-12-24 05:00:00,25704.0,25866.52
2023-12-24 06:00:00,25490.0,25266.2
2023-12-24 07:00:00,25075.0,24612.291
2023-12-24 08:00:00,24106.0,23851.598
2023-12-24 09:00:00,22903.0,22898.625
2023-12-24 10:00:00,22119.0,21949.04
2023-12-24 11:00:00,21225.0,21381.941
2023-12-24 12:00:00,20652.0,20675.688
2023-12-24 13:00:00,20433.0,20287.414
2023-12-24 14:00:00,20329.0,20287.957
2023-12-24 15:00:00,20593.0,20434.787
2023-12-24 16:00:00,21305.0,20720.566
2023-12-24 17:00:00,21990.0,21550.332
2023-12-24 18:00:00,22492.0,21755.8
2023-12-24 19:00:00,21762.0,21944.926
2023-12-24 20:00:00,21182.0,21261.127
2023-12-24 21:00:00,21444.0,20749.936
2023-12-24 22:00:00,21130.0,20998.887
2023-12-24 23:00:00,21323.0,21145.043
2023-12-25 00:00:00,21432.0,21984.004
2023-12-25 01:00:00,22097.0,22718.336
2023-12-25 02:00:00,23806.0,24228.2
2023-12-25 03:00:00,25560.0,25645.9
2023-12-25 04:00:00,25113.0,26500.896
2023-12-25 05:00:00,24478.0,25572.477
2023-12-25 06:00:00,24067.0,24730.432
2023-12-25 07:00:00,23794.0,24143.4
2023-12-25 08:00:00,23096.0,23183.264
2023-12-25 09:00:00,22192.0,22137.217
2023-12-25 10:00:00,21834.0,21577.684
2023-12-25 11:00:00,20909.0,21316.125
2023-12-25 12:00:00,20572.0,20557.95
2023-12-25 13:00:00,20505.0,20514.854
2023-12-25 14:00:00,20387.0,21019.564
2023-12-25 15:00:00,20790.0,21524.863
2023-12-25 16:00:00,21424.0,22205.578
2023-12-25 17:00:00,21845.0,22954.738
2023-12-25 18:00:00,22069.0,22579.367
2023-12-25 19:00:00,21891.0,22225.186
2023-12-25 20:00:00,21352.0,22426.291
2023-12-25 21:00:00,20285.0,21570.252
2023-12-25 22:00:00,20619.0,20518.191
2023-12-25 23:00:00,20223.0,21100.424
2023-12-26 00:00:00,20673.0,21212.736
2023-12-26 01:00:00,21034.0,22205.08
2023-12-26 02:00:00,22755.0,23084.686
2023-12-26 03:00:00,24374.0,24795.74
2023-12-26 04:00:00,24192.0,25878.771
2023-12-26 05:00:00,24005.0,24848.709
2023-12-26 06:00:00,23719.0,23851.477
2023-12-26 07:00:00,23479.0,23389.969
2023-12-26 08:00:00,22546.0,22670.113
2023-12-26 09:00:00,21440.0,22037.75
2023-12-26 10:00:00,21047.0,21329.121
2023-12-26 11:00:00,20473.0,20797.646
2023-12-26 12:00:00,20151.0,20499.299
2023-12-26 13:00:00,19852.0,20270.025
2023-12-26 14:00:00,20220.0,20417.822
2023-12-26 15:00:00,20976.0,21197.76
2023-12-26 16:00:00,22282.0,22125.35
2023-12-26 17:00:00,23168.0,23307.54
2023-12-26 18:00:00,23766.0,23218.729
2023-12-26 19:00:00,24231.0,23785.541
2023-12-26 20:00:00,24665.0,24003.543
2023-12-26 21:00:00,24301.0,24476.773
2023-12-26 22:00:00,24074.0,24270.191
2023-12-26 23:00:00,24048.0,24443.875
2023-12-27 00:00:00,24330.0,24760.32
2023-12-27 01:00:00,24256.0,25315.932
2023-12-27 02:00:00,25493.0,25706.348
2023-12-27 03:00:00,27135.0,26468.13
2023-12-27 04:00:00,26979.0,27295.111
2023-12-27 05:00:00,26488.0,26606.355
2023-12-27 06:00:00,25813.0,25659.357
2023-12-27 07:00:00,25221.0,24701.879
2023-12-27 08:00:00,24068.0,23874.125
2023-12-27 09:00:00,23275.0,23219.113
2023-12-27 10:00:00,21757.0,22648.271
2023-12-27 11:00:00,21119.0,21387.1
2023-12-27 12:00:00,20930.0,21011.893
2023-12-27 13:00:00,20598.0,20970.008
2023-12-27 14:00:00,20956.0,21016.422
2023-12-27 15:00:00,21564.0,21832.666
2023-12-27 16:00:00,23649.0,22958.275
2023-12-27 17:00:00,24288.0,24427.42
2023-12-27 18:00:00,24508.0,24568.459
2023-12-27 19:00:00,23764.0,24440.945
2023-12-27 20:00:00,24615.0,23922.463
2023-12-27 21:00:00,25184.0,24688.19
2023-12-27 22:00:00,25481.0,25226.484
2023-12-27 23:00:00,25727.0,25799.652
2023-12-28 00:00:00,25029.0,26242.533
2023-12-28 01:00:00,24834.0,25737.693
2023-12-28 02:00:00,26096.0,26449.693
2023-12-28 03:00:00,27643.0,27559.48
2023-12-28 04:00:00,27479.0,27980.19
2023-12-28 05:00:00,26798.0,27170.854
2023-12-28 06:00:00,26170.0,26037.396
2023-12-28 07:00:00,25292.0,24930.857
2023-12-28 08:00:00,24042.0,23874.877
2023-12-28 09:00:00,22733.0,23207.775
2023-12-28 10:00:00,21672.0,22193.97
2023-12-28 11:00:00,21113.0,21508.26
2023-12-28 12:00:00,20579.0,21039.371
2023-12-28 13:00:00,20439.0,20721.002
2023-12-28 14:00:00,20645.0,20988.668
2023-12-28 15:00:00,21642.0,21521.428
2023-12-28 16:00:00,23154.0,23271.191
2023-12-28 17:00:00,24180.0,24163.113
2023-12-28 18:00:00,25266.0,24368.87
2023-12-28 19:00:00,25443.0,24840.861
2023-12-28 20:00:00,25562.0,25105.85
2023-12-28 21:00:00,24936.0,25423.314
2023-12-28 22:00:00,24481.0,25276.191
2023-12-28 23:00:00,24072.0,25293.436
2023-12-29 00:00:00,23791.0,24580.588
2023-12-29 01:00:00,23651.0,24884.16
2023-12-29 02:00:00,25353.0,25264.709
2023-12-29 03:00:00,27073.0,26900.55
2023-12-29 04:00:00,26796.0,27786.408
2023-12-29 05:00:00,26312.0,26941.746
2023-12-29 06:00:00,25784.0,25855.26
2023-12-29 07:00:00,25189.0,24667.87
2023-12-29 08:00:00,24001.0,23866.553
2023-12-29 09:00:00,22627.0,23144.387
2023-12-29 10:00:00,21761.0,22158.523
2023-12-29 11:00:00,20914.0,21413.463
2023-12-29 12:00:00,20625.0,20777.186
2023-12-29 13:00:00,20503.0,20676.115
2023-12-29 14:00:00,20569.0,20898.893
2023-12-29 15:00:00,21387.0,21502.865
2023-12-29 16:00:00,22718.0,22556.154
2023-12-29 17:00:00,23574.0,23815.857
2023-12-29 18:00:00,24122.0,23877.412
2023-12-29 19:00:00,24419.0,24478.105
2023-12-29 20:00:00,24448.0,24505.36
2023-12-29 21:00:00,23794.0,24252.965
2023-12-29 22:00:00,23522.0,23672.332
2023-12-29 23:00:00,23325.0,23719.127
2023-12-30 00:00:00,23285.0,23796.652
2023-12-30 01:00:00,23575.0,24054.547
2023-12-30 02:00:00,24940.0,24777.572
2023-12-30 03:00:00,26561.0,26211.645
2023-12-30 04:00:00,26311.0,26934.729
2023-12-30 05:00:00,25861.0,26060.625
2023-12-30 06:00:00,25481.0,25130.896
2023-12-30 07:00:00,24901.0,24588.201
2023-12-30 08:00:00,23721.0,23686.684
2023-12-30 09:00:00,22638.0,22741.992
2023-12-30 10:00:00,21983.0,22100.566
2023-12-30 11:00:00,21364.0,21389.295
2023-12-30 12:00:00,20495.0,20985.475
2023-12-30 13:00:00,20270.0,20425.117
2023-12-30 14:00:00,20116.0,20381.111
2023-12-30 15:00:00,20332.0,20483.707
2023-12-30 16:00:00,21115.0,21136.773
2023-12-30 17:00:00,21580.0,21547.57
2023-12-30 18:00:00,22500.0,21444.562
2023-12-30 19:00:00,23251.0,22245.174
2023-12-30 20:00:00,23725.0,22596.863
2023-12-30 21:00:00,23794.0,23112.012
2023-12-30 22:00:00,22950.0,23219.027
2023-12-30 23:00:00,22739.0,22799.945
2023-12-31 00:00:00,22068.0,22644.957
2023-12-31 01:00:00,21902.0,22597.262
2023-12-31 02:00:00,23544.0,23681.443
2023-12-31 03:00:00,25641.0,25006.03
2023-12-31 04:00:00,25584.0,26286.77
2023-12-31 05:00:00,25412.0,25292.291
2023-12-31 06:00:00,25215.0,24546.863
2023-12-31 07:00:00,24683.0,23876.506
2023-12-31 08:00:00,24153.0,23262.02
2023-12-31 09:00:00,22361.0,22987.146
2023-12-31 10:00:00,21795.0,21590.824
2023-12-31 11:00:00,21056.0,21189.713
2023-12-31 12:00:00,20393.0,20594.158
2023-12-31 13:00:00,19902.0,20039.727
2023-12-31 14:00:00,19860.0,19907.018
2023-12-31 15:00:00,20296.0,19936.77
2023-12-31 16:00:00,20786.0,20509.746
2023-12-31 17:00:00,21173.0,21058.662
2023-12-31 18:00:00,21684.0,20946.861
2023-12-31 19:00:00,22739.0,21315.938
2023-12-31 20:00:00,22901.0,22467.188
2023-12-31 21:00:00,22916.0,22743.402
2023-12-31 22:00:00,22749.0,22555.904
2023-12-31 23:00:00,22943.0,22552.496
